dicID,DictionaryData
1621833650749x775315884784602500,FOSS フロス ﾌﾛｽ ふろす 締め切り 締切 締め日 〆切 期日 提出期限 デッド
1621833650750x262740605616565760,ヘルプデスク 問合せ 問い合わせ レポート リポート 操作方法 使用方法 使い方 やり方
1621833650750x646206538432492240,ヘルプデスク 問合せ 問い合わせ レジ pos レポート リポート 操作方法 使用方法 使い方 やり方
1621833650752x710674415435800700,マニュアル 手順書 説明書 手引き 機能説明 レジ pos
1621833650753x593064938920870900,ヘルプデスク 問合せ 問い合わせ レポート リポート 操作方法 使用方法 使い方 やり方
1621833650753x774888918947596900,POS 次期ポス 次期ｐｏｓ ポスレジ セルフレジ NCR製 お支払い ヘルプデスク 問合せ 問い合わせ ログイン アクセス 依頼 お願い 申し込み 申込 申し入れ 申入 申請 要請 求め 支払い 支払う 支払え 電子マネー 電子支払 電子カード 電子決済
1622721717477x405733650452171800,FOSS フロス ﾌﾛｽ ふろす 締め切り 締切 締め日 〆切 期日 提出期限 デッド
1622721717478x433789315996780900,ヘルプデスク 問合せ 問い合わせ レポート リポート 操作方法 使用方法 使い方 やり方
1622721717478x652051002424254500,POS 次期ポス 次期ｐｏｓ ポスレジ マニュアル 手順書 説明書 手引き 機能説明 レジ pos レポート リポート
1622721717479x301543317513664830,ヘルプデスク 問合せ 問い合わせ レジ pos レポート リポート 操作方法 使用方法 使い方 やり方
1622721717479x571615723304422140,ヘルプデスク 問合せ 問い合わせ レポート リポート 操作方法 使用方法 使い方 やり方
1622721717483x192967882631649440,POS 次期ポス 次期ｐｏｓ ポスレジ パソコン PC ぱそこん ヘルプデスク 問合せ 問い合わせ 店舗帳票出力システム ELF
1622721717483x332655512919584060,ヘルプデスク 問合せ 問い合わせ レポート リポート 操作方法 使用方法 使い方 やり方
1622721717483x741322989638343600,POS 次期ポス 次期ｐｏｓ ポスレジ パソコン PC ぱそこん ヘルプデスク 問合せ 問い合わせ
1622721717484x498263489845192300,POS 次期ポス 次期ｐｏｓ ポスレジ レジ pos 依頼 お願い 申し込み 申込 申し入れ 申入 申請 要請 求め 修正 直す 直し 釣銭 つりせん 釣り銭
1622721717484x515756583961961540,PAON ワオン POS 次期ポス 次期ｐｏｓ ポスレジ セルフレジ NCR製 お支払い ヘルプデスク 問合せ 問い合わせ ログイン アクセス 依頼 お願い 申し込み 申込 申し入れ 申入 申請 要請 求め 支払い 支払う 支払え 電子マネー 電子支払 電子カード 電子決済
1622721717487x232000319020666750,POS 次期ポス 次期ｐｏｓ ポスレジ ドロア 棒金 ストッカー ヘルプデスク 問合せ 問い合わせ レジ pos 故障 壊れ 損傷 破損
1622721717487x472357131817987800,POS 次期ポス 次期ｐｏｓ ポスレジ エラー 異常 トラブル 失敗 機器不良 ヘルプデスク 問合せ 問い合わせ レジ pos 依頼 お願い 申し込み 申込 申し入れ 申入 申請 要請 求め
1622721717487x476842145957320200,エラー 異常 トラブル 失敗 機器不良 エラーコード エラー表示 エラー表記 ヘルプデスク 問合せ 問い合わせ マニュアル 手順書 説明書 手引き 機能説明 レジ pos 依頼 お願い 申し込み 申込 申し入れ 申入 申請 要請 求め
1622721717488x334885516671655360,レジ pos 依頼 お願い 申し込み 申込 申し入れ 申入 申請 要請 求め 修正 直す 直し 釣銭 つりせん 釣り銭
1622721717488x730359770552087000,POS 次期ポス 次期ｐｏｓ ポスレジ ヘルプデスク 問合せ 問い合わせ レジ pos 依頼 お願い 申し込み 申込 申し入れ 申入 申請 要請 求め 修正 直す 直し 釣銭 つりせん 釣り銭
1622721717489x165695839286026140,HHT エイチエイチティ 261 ハンディ エラー 異常 トラブル 失敗 機器不良 パスワード PW Password ぱすわーど 暗証番号 レジ pos
1622721717489x521389705049982700,POS 次期ポス 次期ｐｏｓ ポスレジ パソコン PC ぱそこん
1622721717490x487474062309079200,クレジットカード クレカ ネットワーク ネット回線 インターネット Wi-Fi レジ pos 支払い 支払う 支払え 購入 買う 買った 買い 電子マネー 電子支払 電子カード 電子決済
1622721717490x917511125530212400,クレジットカード クレカ ネットワーク ネット回線 インターネット Wi-Fi レジ pos 支払い 支払う 支払え 購入 買う 買った 買い 電子マネー 電子支払 電子カード 電子決済
1622721723423x138143915941864930,クレジットカード クレカ レジ pos 依頼 お願い 申し込み 申込 申し入れ 申入 申請 要請 求め 変更 変えたい 変える 変えられ 訂正
1622721723423x596106320029165700,ヘルプデスク 問合せ 問い合わせ レジ pos レポート リポート 経費 費用 料金
1622721723424x406136328983754300,エラー 異常 トラブル 失敗 機器不良 エラーコード エラー表示 エラー表記 クレジットカード クレカ レジ pos 経費 費用 料金
1622721723424x666322115140089600,クレジットカード クレカ レジ pos 依頼 お願い 申し込み 申込 申し入れ 申入 申請 要請 求め 変更 変えたい 変える 変えられ 訂正
1622721723425x890300072907567400,PAON ワオン 交換 差し替え 取り換え 電子マネー 電子支払 電子カード 電子決済
1622721723442x741343350184287000,PAON ワオン パスワード PW Password ぱすわーど 暗証番号 ログイン アクセス 交換 差し替え 取り換え 支払い 支払う 支払え 電子マネー 電子支払 電子カード 電子決済
1622721723442x937726813071712900,PAON ワオン セルフレジ NCR製 お支払い パスワード PW Password ぱすわーど 暗証番号 ヘルプデスク 問合せ 問い合わせ レポート リポート ログイン アクセス 交換 差し替え 取り換え 依頼 お願い 申し込み 申込 申し入れ 申入 申請 要請 求め 支払い 支払う 支払え 釣銭 つりせん 釣り銭 電子マネー 電子支払 電子カード 電子決済 領収書 領収証 レシート ﾚｼｰﾄ
1622721723443x389352297242708600,PAON ワオン エラー 異常 トラブル 失敗 機器不良 パスワード PW Password ぱすわーど 暗証番号 ログイン アクセス 交換 差し替え 取り換え 依頼 お願い 申し込み 申込 申し入れ 申入 申請 要請 求め 電子マネー 電子支払 電子カード 電子決済
1622721723443x720770279878759700,ID アイディ PAON ワオン ネットワーク ネット回線 インターネット Wi-Fi パスワード PW Password ぱすわーど 暗証番号 ヘルプデスク 問合せ 問い合わせ ログイン アクセス 交換 差し替え 取り換え 変更 変えたい 変える 変えられ 訂正 電子マネー 電子支払 電子カード 電子決済
1622721723444x946989115128523900,パソコン PC ぱそこん メール email
1622721723451x102139686118275060,エラー 異常 トラブル 失敗 機器不良 プリンタ 印刷機 ヘルプデスク 問合せ 問い合わせ 故障 壊れ 損傷 破損
1622721723451x641491356848000800,CLASS くらす クラスシステム ｃｌａｓｓシステム インストール ダウンロード パソコン PC ぱそこん
1622721723451x920652708437366400,プリンタ 印刷機 変更 変えたい 変える 変えられ 訂正
1622721723452x392077449744333600,レジ pos 領収書 領収証 レシート ﾚｼｰﾄ
1622721723452x855452082295616300,ID アイディ パソコン PC ぱそこん マイページ myページ マイメニュー ログイン アクセス 反映 連携 証明書 無線 応援
1622721723462x261687578308642520,HHT エイチエイチティ 261 ハンディ プリンタ 印刷機 免税 めんぜい TaxFree タックスフリー 変更 変えたい 変える 変えられ 訂正
1622721723462x460153689668015400,インストール ダウンロード プリンタ 印刷機 免税 めんぜい TaxFree タックスフリー
1622721723462x687537341243551200,パソコン PC ぱそこん 中止 キャンセル 取りやめ 免税 めんぜい TaxFree タックスフリー 購入 買う 買った 買い 領収書 領収証 レシート ﾚｼｰﾄ
1622721723462x990848192249728500,エラー 異常 トラブル 失敗 機器不良 パソコン PC ぱそこん 交換 差し替え 取り換え 免税 めんぜい TaxFree タックスフリー 購入 買う 買った 買い 領収書 領収証 レシート ﾚｼｰﾄ
1622721723463x504784271710482400,パソコン PC ぱそこん 免税 めんぜい TaxFree タックスフリー 証憑 証跡 証拠 左証 証明 証明書 無線 応援 購入 買う 買った 買い 領収書 領収証 レシート ﾚｼｰﾄ
1622721724252x999722339802491300,アイコン icon パスワード PW Password ぱすわーど 暗証番号 ヘルプデスク 問合せ 問い合わせ マイページ myページ マイメニュー メール email ログイン アクセス
1622721724253x743235576339044600,エラー 異常 トラブル 失敗 機器不良 パスワード PW Password ぱすわーど 暗証番号 パソコン PC ぱそこん ログイン アクセス 修正 直す 直し 変更 変えたい 変える 変えられ 訂正
1622721724253x861202439464643400,パスワード PW Password ぱすわーど 暗証番号
1622721724253x937844234706825000,パソコン PC ぱそこん ヘルプデスク 問合せ 問い合わせ
1622721724254x218267449247755870,エラー 異常 トラブル 失敗 機器不良 ヘルプデスク 問合せ 問い合わせ
1622721724271x932967100742048600,PAON ワオン レジ pos ログイン アクセス 変更 変えたい 変える 変えられ 訂正 購入 買う 買った 買い 電子マネー 電子支払 電子カード 電子決済
1622721724272x188957360963627040,ICカード Suica スイカ PASMO パスモ 交通系IC 交通IC Panasonic パナソニック マイナンバー 個人番号 マニュアル 手順書 説明書 手引き 機能説明 レジ pos 依頼 お願い 申し込み 申込 申し入れ 申入 申請 要請 求め 支払い 支払う 支払え 証憑 証跡 証拠 左証 証明 証明書 無線 応援
1622721724272x276064119952480480,クレジットカード クレカ ヘルプデスク 問合せ 問い合わせ レジ pos ログイン アクセス 中止 キャンセル 取りやめ 休日 休み ホリデー 祝日 連休 休暇 領収書 領収証 レシート ﾚｼｰﾄ
1622721724272x401008649439926800,ICカード Suica スイカ PASMO パスモ 交通系IC 交通IC Panasonic パナソニック QUICPay クイックペイ RW リーダーライタ R/W リーダライタ リーターライタ リータライタ NFC端末 iPhone アイフォン アイホン アイフォーン スマホ あいふぉん あいぽん すまーとふぉん スマートフォン スマフォ クレジットカード クレカ セルフレジ NCR製 お支払い マイナンバー 個人番号 レジ pos 依頼 お願い 申し込み 申込 申し入れ 申入 申請 要請 求め 支払い 支払う 支払え 証憑 証跡 証拠 左証 証明 証明書 無線 応援
1622721724273x767829473913202800,ICカード Suica スイカ PASMO パスモ 交通系IC 交通IC PAON ワオン クレジットカード クレカ パスワード PW Password ぱすわーど 暗証番号 ヘルプデスク 問合せ 問い合わせ レジ pos 操作方法 使用方法 使い方 やり方
1622721724279x703807503035402200,ICカード Suica スイカ PASMO パスモ 交通系IC 交通IC PAON ワオン RW リーダーライタ R/W リーダライタ リーターライタ リータライタ NFC端末 ヘルプデスク 問合せ 問い合わせ マイナンバー 個人番号 レジ pos 依頼 お願い 申し込み 申込 申し入れ 申入 申請 要請 求め 証憑 証跡 証拠 左証 証明 証明書 無線 応援 電子マネー 電子支払 電子カード 電子決済 領収書 領収証 レシート ﾚｼｰﾄ
1622721724280x428122434842350000,ICカード Suica スイカ PASMO パスモ 交通系IC 交通IC RW リーダーライタ R/W リーダライタ リーターライタ リータライタ NFC端末 クレジットカード クレカ パスワード PW Password ぱすわーど 暗証番号 ヘルプデスク 問合せ 問い合わせ レジ pos 交換 差し替え 取り換え 操作方法 使用方法 使い方 やり方
1622721724280x491567633658769540,ヘルプデスク 問合せ 問い合わせ レジ pos
1622721724280x757334755939941500,デビット デビッド DEBIT DEVIT ヘルプデスク 問合せ 問い合わせ レジ pos 種類 種別 シリーズ
1622721724281x225178976306468000,ICカード Suica スイカ PASMO パスモ 交通系IC 交通IC RW リーダーライタ R/W リーダライタ リーターライタ リータライタ NFC端末 アルバイト 社員 スタッフ 従業員 エラー 異常 トラブル 失敗 機器不良 マイナンバー 個人番号 レジ pos 依頼 お願い 申し込み 申込 申し入れ 申入 申請 要請 求め 証憑 証跡 証拠 左証 証明 証明書 無線 応援
1622721724297x619881839971888900,ICカード Suica スイカ PASMO パスモ 交通系IC 交通IC Panasonic パナソニック RW リーダーライタ R/W リーダライタ リーターライタ リータライタ NFC端末 マイナンバー 個人番号 依頼 お願い 申し込み 申込 申し入れ 申入 申請 要請 求め 証憑 証跡 証拠 左証 証明 証明書 無線 応援
1622721730653x317130011610487600,クレジットカード クレカ ヘルプデスク 問合せ 問い合わせ メール email レジ pos 修正 直す 直し 振替 振り替え 誤り 間違 ミス し損な し損じ 誤っ 違う 異なる 間違い 違います 間違ってる 乖離
1622721730654x269861581850878940,エラー 異常 トラブル 失敗 機器不良 クレジットカード クレカ ヘルプデスク 問合せ 問い合わせ レジ pos 支払い 支払う 支払え 遅延 遅滞 人身事故 遅れた
1622721730654x421958800201771140,クレジットカード クレカ ヘルプデスク 問合せ 問い合わせ メール email レジ pos 振替 振り替え 誤り 間違 ミス し損な し損じ 誤っ 違う 異なる 間違い 違います 間違ってる 乖離
1622721730654x611775964482534000,エラー 異常 トラブル 失敗 機器不良 クレジットカード クレカ レジ pos 支払い 支払う 支払え 種類 種別 シリーズ 遅延 遅滞 人身事故 遅れた 領収書 領収証 レシート ﾚｼｰﾄ
1622721730655x749732119577029000,HHT エイチエイチティ 261 ハンディ エラー 異常 トラブル 失敗 機器不良 パソコン PC ぱそこん 音量 ボリューム 操作音 音声
1622721730663x357641532011166340,HHT エイチエイチティ 261 ハンディ エラー 異常 トラブル 失敗 機器不良 パソコン PC ぱそこん マイページ myページ マイメニュー ログイン アクセス 依頼 お願い 申し込み 申込 申し入れ 申入 申請 要請 求め 故障 壊れ 損傷 破損 証明書 無線 応援 音量 ボリューム 操作音 音声
1622721730663x482966645602073150,HHT エイチエイチティ 261 ハンディ マイページ myページ マイメニュー 依頼 お願い 申し込み 申込 申し入れ 申入 申請 要請 求め 故障 壊れ 損傷 破損 電池 バッテリ 充電
1622721730663x566905604425450800,HHT エイチエイチティ 261 ハンディ エラー 異常 トラブル 失敗 機器不良 パソコン PC ぱそこん レジ pos 音量 ボリューム 操作音 音声
1622721730663x729934952454509600,HHT エイチエイチティ 261 ハンディ エラー 異常 トラブル 失敗 機器不良 パソコン PC ぱそこん マイページ myページ マイメニュー ログイン アクセス 依頼 お願い 申し込み 申込 申し入れ 申入 申請 要請 求め 故障 壊れ 損傷 破損 証明書 無線 応援 音量 ボリューム 操作音 音声
1622721730664x847546652182806100,HHT エイチエイチティ 261 ハンディ エラー 異常 トラブル 失敗 機器不良 バージョン Ver アップデート パソコン PC ぱそこん ヘルプデスク 問合せ 問い合わせ 証明書 無線 応援
1622721730670x499254376509495400,HHT エイチエイチティ 261 ハンディ マイページ myページ マイメニュー ログイン アクセス 依頼 お願い 申し込み 申込 申し入れ 申入 申請 要請 求め 故障 壊れ 損傷 破損 証明書 無線 応援
1622721730679x184447111329184580,ID アイディ エラー 異常 トラブル 失敗 機器不良 パスワード PW Password ぱすわーど 暗証番号 プリンタ 印刷機 レスプリ L'esprit ログイン アクセス
1622721730679x635725782028797300,HHT エイチエイチティ 261 ハンディ エラー 異常 トラブル 失敗 機器不良 パソコン PC ぱそこん 音量 ボリューム 操作音 音声
1622721730679x844709624925553900,HHT エイチエイチティ 261 ハンディ エラー 異常 トラブル 失敗 機器不良 パソコン PC ぱそこん 修正 直す 直し 種類 種別 シリーズ 音量 ボリューム 操作音 音声
1622721730680x462810518511049600,HHT エイチエイチティ 261 ハンディ エラー 異常 トラブル 失敗 機器不良 パソコン PC ぱそこん 音量 ボリューム 操作音 音声
1622721730681x201258649219850500,ネットスーパー ネスパ ヘルプデスク 問合せ 問い合わせ
1622721730681x729414183757384200,ID アイディ ヘルプデスク 問合せ 問い合わせ 依頼 お願い 申し込み 申込 申し入れ 申入 申請 要請 求め 購入 買う 買った 買い
1622721730682x341227456299813440,HHT エイチエイチティ 261 ハンディ POS 次期ポス 次期ｐｏｓ ポスレジ アイコン icon エラー 異常 トラブル 失敗 機器不良 パソコン PC ぱそこん レジ pos
1622721730682x787079259783445200,BitMAX ビックマックス HHT エイチエイチティ 261 ハンディ PAON ワオン POS 次期ポス 次期ｐｏｓ ポスレジ エラー 異常 トラブル 失敗 機器不良
1622721730683x905474651595914400,HHT エイチエイチティ 261 ハンディ POS 次期ポス 次期ｐｏｓ ポスレジ アイコン icon パソコン PC ぱそこん レジ pos
1622721730922x178695182613281000,HHT エイチエイチティ 261 ハンディ POS 次期ポス 次期ｐｏｓ ポスレジ アイコン icon パソコン PC ぱそこん レジ pos
1622721730922x683748422196982900,HHT エイチエイチティ 261 ハンディ POS 次期ポス 次期ｐｏｓ ポスレジ ネットスーパー ネスパ ヘルプデスク 問合せ 問い合わせ レジ pos 支払い 支払う 支払え
1622721730923x155979701923728350,BitMAX ビックマックス ID アイディ ヘルプデスク 問合せ 問い合わせ 変更 変えたい 変える 変えられ 訂正 時間外 オーバータイム 超過勤務 超勤 残業 36協定 40時間 三六協定 超えている
1622721730923x314883680743959900,BitMAX ビックマックス PAON ワオン ヘルプデスク 問合せ 問い合わせ 変更 変えたい 変える 変えられ 訂正 時間外 オーバータイム 超過勤務 超勤 残業 36協定 40時間 三六協定 超えている
1622721730923x969613845847317100,BitMAX ビックマックス エラー 異常 トラブル 失敗 機器不良 パソコン PC ぱそこん ヘルプデスク 問合せ 問い合わせ ログイン アクセス 時間外 オーバータイム 超過勤務 超勤 残業 36協定 40時間 三六協定 超えている
1622721730924x158984848898222180,BitMAX ビックマックス ヘルプデスク 問合せ 問い合わせ 操作方法 使用方法 使い方 やり方 時間外 オーバータイム 超過勤務 超勤 残業 36協定 40時間 三六協定 超えている
1622721730925x182822345213522460,HHT エイチエイチティ 261 ハンディ POS 次期ポス 次期ｐｏｓ ポスレジ エラー 異常 トラブル 失敗 機器不良 ヘルプデスク 問合せ 問い合わせ レジ pos
1622721730925x587433804558721300,エラー 異常 トラブル 失敗 機器不良 ネットワーク ネット回線 インターネット Wi-Fi ヘルプデスク 問合せ 問い合わせ
1622721730925x681836070810303200,エラー 異常 トラブル 失敗 機器不良 ヘルプデスク 問合せ 問い合わせ 時間外 オーバータイム 超過勤務 超勤 残業 36協定 40時間 三六協定 超えている
1622721730925x850200152909961600,エラー 異常 トラブル 失敗 機器不良 ヘルプデスク 問合せ 問い合わせ 時間外 オーバータイム 超過勤務 超勤 残業 36協定 40時間 三六協定 超えている
1622721730927x258467845523743230,HHT エイチエイチティ 261 ハンディ POS 次期ポス 次期ｐｏｓ ポスレジ エラー 異常 トラブル 失敗 機器不良 パソコン PC ぱそこん ヘルプデスク 問合せ 問い合わせ レジ pos
1622721730927x515549805900858300,インストール ダウンロード ネットワーク ネット回線 インターネット Wi-Fi ヘルプデスク 問合せ 問い合わせ 依頼 お願い 申し込み 申込 申し入れ 申入 申請 要請 求め
1622721730927x528483362977065800,インストール ダウンロード ネットワーク ネット回線 インターネット Wi-Fi ヘルプデスク 問合せ 問い合わせ
1622721730928x208314363576720600,Canon キャノン キヤノン MOS パルシステム ｍｏｓシステム モスギフト モスノート POPnet ポップネット popネット GATE インストール ダウンロード ネットワーク ネット回線 インターネット Wi-Fi パオンコスモス こすもす COSMOS パソコン PC ぱそこん プリンタ 印刷機 ヘルプデスク 問合せ 問い合わせ 依頼 お願い 申し込み 申込 申し入れ 申入 申請 要請 求め
1622721730928x367148008679883970,HHT エイチエイチティ 261 ハンディ POPnet ポップネット popネット GATE パソコン PC ぱそこん プリンタ 印刷機 ヘルプデスク 問合せ 問い合わせ 切り替え 切替 時間外 オーバータイム 超過勤務 超勤 残業 36協定 40時間 三六協定 超えている
1622721730929x395059462011304560,ID アイディ パスワード PW Password ぱすわーど 暗証番号 ヘルプデスク 問合せ 問い合わせ マイページ myページ マイメニュー メール email ログイン アクセス 依頼 お願い 申し込み 申込 申し入れ 申入 申請 要請 求め
1622721730930x254390531443378100,ID アイディ インストール ダウンロード パスワード PW Password ぱすわーど 暗証番号 ヘルプデスク 問合せ 問い合わせ マイページ myページ マイメニュー メール email ログイン アクセス 依頼 お願い 申し込み 申込 申し入れ 申入 申請 要請 求め 締め切り 締切 締め日 〆切 期日 提出期限 デッド
1622721730930x355266897466431500,ID アイディ ヘルプデスク 問合せ 問い合わせ マイページ myページ マイメニュー メール email 依頼 お願い 申し込み 申込 申し入れ 申入 申請 要請 求め 変更 変えたい 変える 変えられ 訂正
